{
  "current": {
    "final": {
      "iter": 10000,
      "coverage": 0.6031746031746031,
      "validity": 0.6666666666666666,
      "avg_steps": 102.0,
      "n_pos": 60000,
      "upd": 0.0,
      "out_var": 0.04244206969936689
    }
  },
  "aggressive-loss": {
    "final": {
      "iter": 10000,
      "coverage": 0.626984126984127,
      "validity": 0.6,
      "avg_steps": 118.11111111111111,
      "n_pos": 60000,
      "upd": 0.0,
      "out_var": 0.026484751453002293
    }
  }
}