{
  "formulation": "maximize sum_i m_i with explicit lower and upper face margin bounds m_min <= m_i <= m_max",
  "R": 2.0,
  "rho_art": 0.16,
  "trajectory": [
    [
      0.0,
      0.0
    ],
    [
      0.128,
      0.01081559480312316
    ],
    [
      0.256,
      0.020572483830236563
    ],
    [
      0.384,
      0.028315594803123165
    ],
    [
      0.512,
      0.033286978070330375
    ],
    [
      0.64,
      0.035
    ],
    [
      0.768,
      0.03328697807033038
    ],
    [
      0.8960000000000001,
      0.028315594803123165
    ],
    [
      1.024,
      0.020572483830236566
    ],
    [
      1.152,
      0.010815594803123163
    ],
    [
      1.28,
      4.286263797015737e-18
    ]
  ],
  "real_obstacles": [
    [
      0.78,
      0.55,
      0.35
    ],
    [
      0.78,
      -0.55,
      0.35
    ]
  ],
  "K_values": [
    4,
    8,
    16
  ],
  "gammas": [
    0.3,
    0.5,
    0.8
  ],
  "row_modes": [
    {
      "label": "loose m-bounds",
      "m_min": 0.03,
      "m_max": 5.0
    },
    {
      "label": "tight m-bounds",
      "m_min": 0.03,
      "m_max": 0.4
    }
  ],
  "rows": [
    {
      "K": 4,
      "gamma": 0.3,
      "m_min": 0.03,
      "m_max": 5.0,
      "certified": true,
      "min_levelset_margin": 0.0014869721396761418,
      "worst_t": 10,
      "area": 2.505795662883752,
      "n_faces_total": 6,
      "n_faces_ok": 6,
      "all_faces_ok": true,
      "real_margin_mean": 0.41947002141549833,
      "art_margin_mean": 1.4142135623730951,
      "Hvals": [
        1.0,
        0.8785276359418466,
        0.7594481984587294,
        0.6449203778000201,
        0.5366573202473384,
        0.4357589334203146,
        0.34260421965527355,
        0.25681417661589045,
        0.1772888966825351,
        0.10231523357358752,
        0.029734497039676122
      ],
      "solve_time_ms": 173.25611433322288,
      "mode": "loose m-bounds"
    },
    {
      "K": 4,
      "gamma": 0.5,
      "m_min": 0.03,
      "m_max": 5.0,
      "certified": true,
      "min_levelset_margin": 0.0010340897654788073,
      "worst_t": 10,
      "area": 2.583968465424737,
      "n_faces_total": 6,
      "n_faces_ok": 6,
      "all_faces_ok": true,
      "real_margin_mean": 0.42939944706307204,
      "art_margin_mean": 1.4142135623730951,
      "Hvals": [
        1.0,
        0.8764668891009846,
        0.7552570447268679,
        0.6384663158879424,
        0.5277579777761272,
        0.4241999188004638,
        0.3281601082292229,
        0.239270576794134,
        0.15646343608615532,
        0.07807541091336767,
        0.0020106522654788073
      ],
      "solve_time_ms": 180.0867943332681,
      "mode": "loose m-bounds"
    },
    {
      "K": 4,
      "gamma": 0.8,
      "m_min": 0.03,
      "m_max": 5.0,
      "certified": true,
      "min_levelset_margin": 0.0004114804497733842,
      "worst_t": 10,
      "area": 2.5886055797506144,
      "n_faces_total": 6,
      "n_faces_ok": 6,
      "all_faces_ok": true,
      "real_margin_mean": 0.4299758691160478,
      "art_margin_mean": 1.4142135623730951,
      "Hvals": [
        1.0,
        0.8763476318502446,
        0.7550145511504266,
        0.6380930173354576,
        0.5272434568941058,
        0.4235319292554033,
        0.32732577346406044,
        0.23825765047536684,
        0.15526150086029067,
        0.0766768981300634,
        0.0004115828497733842
      ],
      "solve_time_ms": 180.8854546667741,
      "mode": "loose m-bounds"
    },
    {
      "K": 4,
      "gamma": 0.3,
      "m_min": 0.03,
      "m_max": 0.4,
      "certified": true,
      "min_levelset_margin": 0.0020396122751220117,
      "worst_t": 10,
      "area": 0.8728178471115065,
      "n_faces_total": 6,
      "n_faces_ok": 5,
      "all_faces_ok": false,
      "real_margin_mean": 0.4,
      "art_margin_mean": 0.4000000000000001,
      "Hvals": [
        1.0,
        0.8772611176835188,
        0.7570445472002432,
        0.6416256989271649,
        0.532810348763645,
        0.4317578762048043,
        0.33886777619866937,
        0.2537405537972136,
        0.17521682950531636,
        0.10149082742361648,
        0.030287137175121992
      ],
      "solve_time_ms": 173.63513866681993,
      "mode": "tight m-bounds"
    },
    {
      "K": 4,
      "gamma": 0.5,
      "m_min": 0.03,
      "m_max": 0.4,
      "certified": true,
      "min_levelset_margin": 0.0006128880970703854,
      "worst_t": 10,
      "area": 0.858414301152844,
      "n_faces_total": 6,
      "n_faces_ok": 5,
      "all_faces_ok": false,
      "real_margin_mean": 0.4,
      "art_margin_mean": 0.4000000000000001,
      "Hvals": [
        1.0,
        0.8744697167278763,
        0.7514540741122508,
        0.6332215622616317,
        0.5215724651192168,
        0.41766263612721766,
        0.32189035523863097,
        0.23385734250045975,
        0.152407744470493,
        0.07574127720553281,
        0.0015894505970703854
      ],
      "solve_time_ms": 173.1038960000054,
      "mode": "tight m-bounds"
    },
    {
      "K": 4,
      "gamma": 0.8,
      "m_min": 0.03,
      "m_max": 0.4,
      "certified": true,
      "min_levelset_margin": 0.0015893481970703854,
      "worst_t": 10,
      "area": 0.858414301152844,
      "n_faces_total": 6,
      "n_faces_ok": 5,
      "all_faces_ok": false,
      "real_margin_mean": 0.4,
      "art_margin_mean": 0.4000000000000001,
      "Hvals": [
        1.0,
        0.8744697167278763,
        0.7514540741122508,
        0.6332215622616317,
        0.5215724651192168,
        0.41766263612721766,
        0.32189035523863097,
        0.23385734250045975,
        0.152407744470493,
        0.07574127720553281,
        0.0015894505970703854
      ],
      "solve_time_ms": 172.05864900006418,
      "mode": "tight m-bounds"
    },
    {
      "K": 8,
      "gamma": 0.3,
      "m_min": 0.03,
      "m_max": 5.0,
      "certified": true,
      "min_levelset_margin": 0.0014869721396761418,
      "worst_t": 10,
      "area": 3.297766312423306,
      "n_faces_total": 10,
      "n_faces_ok": 10,
      "all_faces_ok": true,
      "real_margin_mean": 0.41947002141549833,
      "art_margin_mean": 1.8477590650225737,
      "Hvals": [
        1.0,
        0.8785276359418466,
        0.7594481984587294,
        0.6449203778000201,
        0.5366573202473384,
        0.4357589334203146,
        0.34260421965527355,
        0.25681417661589045,
        0.1772888966825351,
        0.10231523357358752,
        0.029734497039676122
      ],
      "solve_time_ms": 295.81378566672356,
      "mode": "loose m-bounds"
    },
    {
      "K": 8,
      "gamma": 0.5,
      "m_min": 0.03,
      "m_max": 5.0,
      "certified": true,
      "min_levelset_margin": 0.0010340897654788073,
      "worst_t": 10,
      "area": 3.3928074200015814,
      "n_faces_total": 10,
      "n_faces_ok": 10,
      "all_faces_ok": true,
      "real_margin_mean": 0.42939944706307204,
      "art_margin_mean": 1.8477590650225737,
      "Hvals": [
        1.0,
        0.8764668891009846,
        0.7552570447268679,
        0.6384663158879424,
        0.5277579777761272,
        0.4241999188004638,
        0.3281601082292229,
        0.239270576794134,
        0.15646343608615532,
        0.07807541091336767,
        0.0020106522654788073
      ],
      "solve_time_ms": 298.1023173333597,
      "mode": "loose m-bounds"
    },
    {
      "K": 8,
      "gamma": 0.8,
      "m_min": 0.03,
      "m_max": 5.0,
      "certified": true,
      "min_levelset_margin": 0.0004114804497733842,
      "worst_t": 10,
      "area": 3.3983470839332255,
      "n_faces_total": 10,
      "n_faces_ok": 10,
      "all_faces_ok": true,
      "real_margin_mean": 0.4299758691160478,
      "art_margin_mean": 1.8477590650225737,