{
  "summary": [
    {
      "method": "mizuta_cfm_mppi",
      "gamma": null,
      "episodes": 25,
      "success_rate": 1.0,
      "success_ci": [
        1.0,
        1.0
      ],
      "collision_rate": 0.0,
      "collision_ci": [
        0.0,
        0.0
      ],
      "goal_reached_rate": 1.0,
      "mean_min_clearance": 1.0860020875930787,
      "median_min_clearance": 0.8270584344863892,
      "mean_final_goal_distance": 0.03968488965183496,
      "mean_path_length": 9.92356014251709,
      "mean_control_effort": 158.4051599884033,
      "mean_planning_time_ms": 96.28224560199303
    },
    {
      "method": "guided_safemppi",
      "gamma": 0.2,
      "episodes": 25,
      "success_rate": 0.84,
      "success_ci": [
        0.68,
        0.96
      ],
      "collision_rate": 0.04,
      "collision_ci": [
        0.0,
        0.12
      ],
      "goal_reached_rate": 0.84,
      "mean_min_clearance": 0.8028824877738953,
      "median_min_clearance": 0.6477383375167847,
      "mean_final_goal_distance": 0.36225514315068724,
      "mean_path_length": 9.731302604675292,
      "mean_control_effort": 128.74715881347657,
      "mean_planning_time_ms": 43.674671795684844
    },
    {
      "method": "cfm_proposal_mppi",
      "gamma": 0.2,
      "episodes": 25,
      "success_rate": 0.8,
      "success_ci": [
        0.64,
        0.96
      ],
      "collision_rate": 0.04,
      "collision_ci": [
        0.0,
        0.12
      ],
      "goal_reached_rate": 0.84,
      "mean_min_clearance": 0.9197174644470215,
      "median_min_clearance": 0.7662144899368286,
      "mean_final_goal_distance": 0.8841943310946226,
      "mean_path_length": 10.278220272064209,
      "mean_control_effort": 151.49012145996093,
      "mean_planning_time_ms": 109.96949136117473
    }
  ],
  "paired_vs_mizuta": [
    {
      "method": "guided_safemppi",
      "gamma": 0.2,
      "success_ours_minus_mizuta": -0.16000000000000003,
      "mcnemar_ours_win": 0,
      "mcnemar_mizuta_win": 4,
      "mcnemar_p": 0.125,
      "clearance_median_diff_ours_minus_mizuta": -0.16265708208084106,
      "wilcoxon_p": 0.004530067617866391
    },
    {
      "method": "cfm_proposal_mppi",
      "gamma": 0.2,
      "success_ours_minus_mizuta": -0.19999999999999996,
      "mcnemar_ours_win": 0,
      "mcnemar_mizuta_win": 5,
      "mcnemar_p": 0.0625,
      "clearance_median_diff_ours_minus_mizuta": -0.07351553440093994,
      "wilcoxon_p": 0.07800127936744676
    }
  ],
  "config": {
    "dataset": "ucy",
    "dynamics": "doubleintegrator",
    "pedestrian_source": "validation",
    "methods": [
      "mizuta_cfm_mppi",
      "guided_safemppi",
      "cfm_proposal_mppi"
    ],
    "gamma_grid": [
      0.2
    ],
    "num_episodes": 100,
    "episode_list": [
      125,
      126,
      127,
      128,
      129,
      130,
      131,
      132,
      133,
      134,
      135,
      136,
      137,
      138,
      139,
      140,
      141,
      142,
      143,
      144,
      145,
      146,
      147,
      148,
      149
    ],
    "steps": 80,
    "seed": 0,
    "device": "cuda",
    "safemppi_samples": 512,
    "safemppi_horizon": 30,
    "num_pedestrians": 20,
    "output": "overnight_run_2026-06-23/lp2_h1",
    "safe_cfm_checkpoint": "output_dir/safe_cfm_ucy/checkpoint_best.pth",
    "drifting_checkpoint": null,
    "guided_eta": 0.6,
    "guided_extra_margin": 0.25,
    "guided_activation_radius": null,
    "guided_progress_weight": 9.0,
    "guided_terminal_goal_weight": 200.0,
    "guided_running_goal_weight": 0.4,
    "guided_guidance_horizon": 10
  },
  "episodes": 25
}