{
  "summary": [
    {
      "method": "mizuta_cfm_mppi",
      "gamma": null,
      "episodes": 100,
      "success_rate": 1.0,
      "success_ci": [
        1.0,
        1.0
      ],
      "collision_rate": 0.0,
      "collision_ci": [
        0.0,
        0.0
      ],
      "goal_reached_rate": 1.0,
      "mean_min_clearance": 1.1497448623180389,
      "median_min_clearance": 0.9217684864997864,
      "mean_final_goal_distance": 0.04560152707912493,
      "mean_path_length": 9.685282678604127,
      "mean_control_effort": 174.18670528411866,
      "mean_planning_time_ms": 95.4856270167511
    },
    {
      "method": "safemppi_gamma",
      "gamma": 0.2,
      "episodes": 100,
      "success_rate": 0.82,
      "success_ci": [
        0.74,
        0.89
      ],
      "collision_rate": 0.18,
      "collision_ci": [
        0.11,
        0.26
      ],
      "goal_reached_rate": 1.0,
      "mean_min_clearance": 0.7953844648599625,
      "median_min_clearance": 0.6864604949951172,
      "mean_final_goal_distance": 0.051955559984780846,
      "mean_path_length": 9.630149188041687,
      "mean_control_effort": 112.18913963317871,
      "mean_planning_time_ms": 27.294880803558048
    },
    {
      "method": "guided_safemppi",
      "gamma": 0.2,
      "episodes": 100,
      "success_rate": 0.91,
      "success_ci": [
        0.85,
        0.96
      ],
      "collision_rate": 0.01,
      "collision_ci": [
        0.0,
        0.03
      ],
      "goal_reached_rate": 0.91,
      "mean_min_clearance": 1.0518524163961411,
      "median_min_clearance": 0.8922006487846375,
      "mean_final_goal_distance": 0.19437406643293798,
      "mean_path_length": 9.951018056869508,
      "mean_control_effort": 124.77554435729981,
      "mean_planning_time_ms": 42.40540055127349
    }
  ],
  "paired_vs_mizuta": [
    {
      "method": "safemppi_gamma",
      "gamma": 0.2,
      "success_ours_minus_mizuta": -0.18000000000000005,
      "mcnemar_ours_win": 0,
      "mcnemar_mizuta_win": 18,
      "mcnemar_p": 7.62939453125e-06,
      "clearance_median_diff_ours_minus_mizuta": -0.21658727526664734,
      "wilcoxon_p": 3.98076436865985e-11
    },
    {
      "method": "guided_safemppi",
      "gamma": 0.2,
      "success_ours_minus_mizuta": -0.08999999999999997,
      "mcnemar_ours_win": 0,
      "mcnemar_mizuta_win": 9,
      "mcnemar_p": 0.00390625,
      "clearance_median_diff_ours_minus_mizuta": -0.00907820463180542,
      "wilcoxon_p": 0.04544837608220596
    }
  ],
  "config": {
    "dataset": "sdd",
    "dynamics": "doubleintegrator",
    "pedestrian_source": "validation",
    "methods": [
      "mizuta_cfm_mppi",
      "safemppi_gamma",
      "guided_safemppi"
    ],
    "gamma_grid": [
      0.2
    ],
    "num_episodes": 100,
    "episode_list": [
      100,
      101,
      102,
      103,
      104,
      105,
      106,
      107,
      108,
      109,
      110,
      111,
      112,
      113,
      114,
      115,
      116,
      117,
      118,
      119,
      120,
      121,
      122,
      123,
      124,
      125,
      126,
      127,
      128,
      129,
      130,
      131,
      132,
      133,
      134,
      135,
      136,
      137,
      138,
      139,
      140,
      141,
      142,
      143,
      144,
      145,
      146,
      147,
      148,
      149,
      150,
      151,
      152,
      153,
      154,
      155,
      156,
      157,
      158,
      159,
      160,
      161,
      162,
      163,
      164,
      165,
      166,
      167,
      168,
      169,
      170,
      171,
      172,
      173,
      174,
      175,
      176,
      177,
      178,
      179,
      180,
      181,
      182,
      183,
      184,
      185,
      186,
      187,
      188,
      189,
      190,
      191,
      192,
      193,
      194,
      195,
      196,
      197,
      198,
      199
    ],
    "steps": 80,
    "seed": 0,
    "device": "cuda",
    "safemppi_samples": 512,
    "safemppi_horizon": 30,
    "num_pedestrians": 20,
    "output": "overnight_run_2026-06-23/headline_sdd_tuned",
    "safe_cfm_checkpoint": null,
    "drifting_checkpoint": null,
    "guided_eta": 0.6,
    "guided_extra_margin": 0.25,
    "guided_activation_radius": null,
    "guided_progress_weight": 9.0,
    "guided_terminal_goal_weight": 200.0,
    "guided_running_goal_weight": 0.4,
    "guided_guidance_horizon": 10
  },
  "episodes": 100
}