{
  "summary": [
    {
      "method": "mizuta_cfm_mppi",
      "gamma": null,
      "episodes": 25,
      "success_rate": 0.92,
      "success_ci": [
        0.8,
        1.0
      ],
      "collision_rate": 0.04,
      "collision_ci": [
        0.0,
        0.12
      ],
      "goal_reached_rate": 0.96,
      "mean_min_clearance": 0.7893851363658905,
      "median_min_clearance": 0.4627772569656372,
      "mean_final_goal_distance": 0.10818934200331569,
      "mean_path_length": 9.575400505065918,
      "mean_control_effort": 153.75121002197267,
      "mean_planning_time_ms": 98.27799286600201
    },
    {
      "method": "guided_safemppi",
      "gamma": 0.2,
      "episodes": 25,
      "success_rate": 0.64,
      "success_ci": [
        0.44,
        0.8
      ],
      "collision_rate": 0.08,
      "collision_ci": [
        0.0,
        0.2
      ],
      "goal_reached_rate": 0.64,
      "mean_min_clearance": 0.6291363537311554,
      "median_min_clearance": 0.4701194167137146,
      "mean_final_goal_distance": 0.937398093547672,
      "mean_path_length": 8.640493249893188,
      "mean_control_effort": 115.0510154724121,
      "mean_planning_time_ms": 43.35582953179255
    },
    {
      "method": "cfm_proposal_mppi",
      "gamma": 0.2,
      "episodes": 25,
      "success_rate": 0.0,
      "success_ci": [
        0.0,
        0.0
      ],
      "collision_rate": 0.16,
      "collision_ci": [
        0.04,
        0.32
      ],
      "goal_reached_rate": 0.0,
      "mean_min_clearance": 0.6928698420524597,
      "median_min_clearance": 0.7584096193313599,
      "mean_final_goal_distance": 37.15907404899597,
      "mean_path_length": 44.28187449455261,
      "mean_control_effort": 373.0697480773926,
      "mean_planning_time_ms": 104.15736933052538
    },
    {
      "method": "guided_drifting",
      "gamma": null,
      "episodes": 25,
      "success_rate": 0.0,
      "success_ci": [
        0.0,
        0.0
      ],
      "collision_rate": 0.08,
      "collision_ci": [
        0.0,
        0.2
      ],
      "goal_reached_rate": 0.0,
      "mean_min_clearance": 0.7986104917526246,
      "median_min_clearance": 0.807979941368103,
      "mean_final_goal_distance": 43.829388699531556,
      "mean_path_length": 51.74986400604248,
      "mean_control_effort": 410.89753662109376,
      "mean_planning_time_ms": 3.947307588532568
    }
  ],
  "paired_vs_mizuta": [
    {
      "method": "guided_safemppi",
      "gamma": 0.2,
      "success_ours_minus_mizuta": -0.28,
      "mcnemar_ours_win": 2,
      "mcnemar_mizuta_win": 9,
      "mcnemar_p": 0.0654296875,
      "clearance_median_diff_ours_minus_mizuta": -0.1248776912689209,
      "wilcoxon_p": 0.03700451161641879
    },
    {
      "method": "cfm_proposal_mppi",
      "gamma": 0.2,
      "success_ours_minus_mizuta": -0.92,
      "mcnemar_ours_win": 0,
      "mcnemar_mizuta_win": 23,
      "mcnemar_p": 2.384185791015625e-07,
      "clearance_median_diff_ours_minus_mizuta": 0.007215678691864014,
      "wilcoxon_p": 0.94636892512424
    },
    {
      "method": "guided_drifting",
      "gamma": null,
      "success_ours_minus_mizuta": -0.92,
      "mcnemar_ours_win": 0,
      "mcnemar_mizuta_win": 23,
      "mcnemar_p": 2.384185791015625e-07,
      "clearance_median_diff_ours_minus_mizuta": 0.0,
      "wilcoxon_p": 0.975736119417176
    }
  ],
  "config": {
    "dataset": "ucy",
    "dynamics": "doubleintegrator",
    "pedestrian_source": "validation",
    "methods": [
      "mizuta_cfm_mppi",
      "guided_safemppi",
      "cfm_proposal_mppi",
      "guided_drifting"
    ],
    "gamma_grid": [
      0.2
    ],
    "num_episodes": 100,
    "episode_list": [
      100,
      101,
      102,
      103,
      104,
      105,
      106,
      107,
      108,
      109,
      110,
      111,
      112,
      113,
      114,
      115,
      116,
      117,
      118,
      119,
      120,
      121,
      122,
      123,
      124
    ],
    "steps": 80,
    "seed": 0,
    "device": "cuda",
    "safemppi_samples": 512,
    "safemppi_horizon": 30,
    "num_pedestrians": 20,
    "output": "overnight_run_2026-06-23/lp_h0",
    "safe_cfm_checkpoint": "output_dir/safe_cfm_ucy/checkpoint_best.pth",
    "drifting_checkpoint": "output_dir/drifting_ucy/checkpoint_best.pth",
    "guided_eta": 0.6,
    "guided_extra_margin": 0.25,
    "guided_activation_radius": null,
    "guided_progress_weight": 9.0,
    "guided_terminal_goal_weight": 200.0,
    "guided_running_goal_weight": 0.4,
    "guided_guidance_horizon": 10
  },
  "episodes": 25
}