{
  "summary": [
    {
      "method": "mizuta_cfm_mppi",
      "gamma": null,
      "episodes": 25,
      "success_rate": 1.0,
      "success_ci": [
        1.0,
        1.0
      ],
      "collision_rate": 0.0,
      "collision_ci": [
        0.0,
        0.0
      ],
      "goal_reached_rate": 1.0,
      "mean_min_clearance": 1.1955430555343627,
      "median_min_clearance": 1.1578068733215332,
      "mean_final_goal_distance": 0.0376623706612736,
      "mean_path_length": 9.875683326721191,
      "mean_control_effort": 170.60635330200196,
      "mean_planning_time_ms": 99.77761227218433
    },
    {
      "method": "guided_safemppi",
      "gamma": 0.2,
      "episodes": 25,
      "success_rate": 0.76,
      "success_ci": [
        0.56,
        0.92
      ],
      "collision_rate": 0.08,
      "collision_ci": [
        0.0,
        0.2
      ],
      "goal_reached_rate": 0.76,
      "mean_min_clearance": 0.8011808407306671,
      "median_min_clearance": 0.8655843734741211,
      "mean_final_goal_distance": 1.0882024168223143,
      "mean_path_length": 9.073097267150878,
      "mean_control_effort": 128.68436950683594,
      "mean_planning_time_ms": 46.22556816320866
    },
    {
      "method": "cfm_proposal_mppi",
      "gamma": 0.2,
      "episodes": 25,
      "success_rate": 0.8,
      "success_ci": [
        0.64,
        0.96
      ],
      "collision_rate": 0.08,
      "collision_ci": [
        0.0,
        0.2
      ],
      "goal_reached_rate": 0.8,
      "mean_min_clearance": 0.7898638224601746,
      "median_min_clearance": 0.8338457345962524,
      "mean_final_goal_distance": 1.0110259021818637,
      "mean_path_length": 9.128530807495117,
      "mean_control_effort": 137.55886138916014,
      "mean_planning_time_ms": 112.36331668263301
    }
  ],
  "paired_vs_mizuta": [
    {
      "method": "guided_safemppi",
      "gamma": 0.2,
      "success_ours_minus_mizuta": -0.24,
      "mcnemar_ours_win": 0,
      "mcnemar_mizuta_win": 6,
      "mcnemar_p": 0.03125,
      "clearance_median_diff_ours_minus_mizuta": -0.2712665796279907,
      "wilcoxon_p": 4.025369315949395e-05
    },
    {
      "method": "cfm_proposal_mppi",
      "gamma": 0.2,
      "success_ours_minus_mizuta": -0.19999999999999996,
      "mcnemar_ours_win": 0,
      "mcnemar_mizuta_win": 5,
      "mcnemar_p": 0.0625,
      "clearance_median_diff_ours_minus_mizuta": -0.32972049713134766,
      "wilcoxon_p": 6.766255368658374e-05
    }
  ],
  "config": {
    "dataset": "ucy",
    "dynamics": "doubleintegrator",
    "pedestrian_source": "validation",
    "methods": [
      "mizuta_cfm_mppi",
      "guided_safemppi",
      "cfm_proposal_mppi"
    ],
    "gamma_grid": [
      0.2
    ],
    "num_episodes": 100,
    "episode_list": [
      175,
      176,
      177,
      178,
      179,
      180,
      181,
      182,
      183,
      184,
      185,
      186,
      187,
      188,
      189,
      190,
      191,
      192,
      193,
      194,
      195,
      196,
      197,
      198,
      199
    ],
    "steps": 80,
    "seed": 0,
    "device": "cuda",
    "safemppi_samples": 512,
    "safemppi_horizon": 30,
    "num_pedestrians": 20,
    "output": "overnight_run_2026-06-23/lp2_h3",
    "safe_cfm_checkpoint": "output_dir/safe_cfm_ucy/checkpoint_best.pth",
    "drifting_checkpoint": null,
    "guided_eta": 0.6,
    "guided_extra_margin": 0.25,
    "guided_activation_radius": null,
    "guided_progress_weight": 9.0,
    "guided_terminal_goal_weight": 200.0,
    "guided_running_goal_weight": 0.4,
    "guided_guidance_horizon": 10
  },
  "episodes": 25
}