{
  "summary": [
    {
      "method": "mizuta_cfm_mppi",
      "gamma": null,
      "episodes": 25,
      "success_rate": 1.0,
      "success_ci": [
        1.0,
        1.0
      ],
      "collision_rate": 0.0,
      "collision_ci": [
        0.0,
        0.0
      ],
      "goal_reached_rate": 1.0,
      "mean_min_clearance": 1.1179124569892884,
      "median_min_clearance": 1.1307321786880493,
      "mean_final_goal_distance": 0.04322843005880714,
      "mean_path_length": 9.775390186309814,
      "mean_control_effort": 168.47411437988282,
      "mean_planning_time_ms": 99.85439491271973
    },
    {
      "method": "guided_safemppi",
      "gamma": 0.2,
      "episodes": 25,
      "success_rate": 0.76,
      "success_ci": [
        0.56,
        0.92
      ],
      "collision_rate": 0.08,
      "collision_ci": [
        0.0,
        0.2
      ],
      "goal_reached_rate": 0.76,
      "mean_min_clearance": 0.8011808407306671,
      "median_min_clearance": 0.8655843734741211,
      "mean_final_goal_distance": 1.0882024168223143,
      "mean_path_length": 9.073097267150878,
      "mean_control_effort": 128.68436950683594,
      "mean_planning_time_ms": 43.360245677176856
    },
    {
      "method": "cfm_proposal_mppi",
      "gamma": 0.2,
      "episodes": 25,
      "success_rate": 0.0,
      "success_ci": [
        0.0,
        0.0
      ],
      "collision_rate": 0.08,
      "collision_ci": [
        0.0,
        0.2
      ],
      "goal_reached_rate": 0.0,
      "mean_min_clearance": 0.924541209936142,
      "median_min_clearance": 0.8738269805908203,
      "mean_final_goal_distance": 41.99582912445069,
      "mean_path_length": 48.92120708465576,
      "mean_control_effort": 417.20040008544925,
      "mean_planning_time_ms": 146.43250517453995
    },
    {
      "method": "guided_drifting",
      "gamma": null,
      "episodes": 25,
      "success_rate": 0.0,
      "success_ci": [
        0.0,
        0.0
      ],
      "collision_rate": 0.04,
      "collision_ci": [
        0.0,
        0.12
      ],
      "goal_reached_rate": 0.0,
      "mean_min_clearance": 0.9830911183357238,
      "median_min_clearance": 0.8122178316116333,
      "mean_final_goal_distance": 51.922614254951476,
      "mean_path_length": 60.20172622680664,
      "mean_control_effort": 477.901611328125,
      "mean_planning_time_ms": 3.8287878618575633
    }
  ],
  "paired_vs_mizuta": [
    {
      "method": "guided_safemppi",
      "gamma": 0.2,
      "success_ours_minus_mizuta": -0.24,
      "mcnemar_ours_win": 0,
      "mcnemar_mizuta_win": 6,
      "mcnemar_p": 0.03125,
      "clearance_median_diff_ours_minus_mizuta": -0.3109723925590515,
      "wilcoxon_p": 0.000255042253184011
    },
    {
      "method": "cfm_proposal_mppi",
      "gamma": 0.2,
      "success_ours_minus_mizuta": -1.0,
      "mcnemar_ours_win": 0,
      "mcnemar_mizuta_win": 25,
      "mcnemar_p": 5.960464477539063e-08,
      "clearance_median_diff_ours_minus_mizuta": -0.1719021201133728,
      "wilcoxon_p": 0.14507695028788486
    },
    {
      "method": "guided_drifting",
      "gamma": null,
      "success_ours_minus_mizuta": -1.0,
      "mcnemar_ours_win": 0,
      "mcnemar_mizuta_win": 25,
      "mcnemar_p": 5.960464477539063e-08,
      "clearance_median_diff_ours_minus_mizuta": 0.0,
      "wilcoxon_p": 0.6051183204878607
    }
  ],
  "config": {
    "dataset": "ucy",
    "dynamics": "doubleintegrator",
    "pedestrian_source": "validation",
    "methods": [
      "mizuta_cfm_mppi",
      "guided_safemppi",
      "cfm_proposal_mppi",
      "guided_drifting"
    ],
    "gamma_grid": [
      0.2
    ],
    "num_episodes": 100,
    "episode_list": [
      175,
      176,
      177,
      178,
      179,
      180,
      181,
      182,
      183,
      184,
      185,
      186,
      187,
      188,
      189,
      190,
      191,
      192,
      193,
      194,
      195,
      196,
      197,
      198,
      199
    ],
    "steps": 80,
    "seed": 0,
    "device": "cuda",
    "safemppi_samples": 512,
    "safemppi_horizon": 30,
    "num_pedestrians": 20,
    "output": "overnight_run_2026-06-23/lp_h3",
    "safe_cfm_checkpoint": "output_dir/safe_cfm_ucy/checkpoint_best.pth",
    "drifting_checkpoint": "output_dir/drifting_ucy/checkpoint_best.pth",
    "guided_eta": 0.6,
    "guided_extra_margin": 0.25,
    "guided_activation_radius": null,
    "guided_progress_weight": 9.0,
    "guided_terminal_goal_weight": 200.0,
    "guided_running_goal_weight": 0.4,
    "guided_guidance_horizon": 10
  },
  "episodes": 25
}