{
  "summary": [
    {
      "method": "mizuta_cfm_mppi",
      "gamma": null,
      "episodes": 25,
      "success_rate": 0.96,
      "success_ci": [
        0.88,
        1.0
      ],
      "collision_rate": 0.0,
      "collision_ci": [
        0.0,
        0.0
      ],
      "goal_reached_rate": 0.96,
      "mean_min_clearance": 0.9777494931221008,
      "median_min_clearance": 0.8960447311401367,
      "mean_final_goal_distance": 0.08150740727782249,
      "mean_path_length": 10.464389629364014,
      "mean_control_effort": 189.75334899902344,
      "mean_planning_time_ms": 95.20197906857356
    },
    {
      "method": "guided_safemppi",
      "gamma": 0.2,
      "episodes": 25,
      "success_rate": 0.76,
      "success_ci": [
        0.6,
        0.92
      ],
      "collision_rate": 0.08,
      "collision_ci": [
        0.0,
        0.2
      ],
      "goal_reached_rate": 0.76,
      "mean_min_clearance": 0.7752619004249572,
      "median_min_clearance": 0.748112678527832,
      "mean_final_goal_distance": 0.6340942208468914,
      "mean_path_length": 9.46381284713745,
      "mean_control_effort": 129.52508972167968,
      "mean_planning_time_ms": 43.57714755134657
    },
    {
      "method": "cfm_proposal_mppi",
      "gamma": 0.2,
      "episodes": 25,
      "success_rate": 0.0,
      "success_ci": [
        0.0,
        0.0
      ],
      "collision_rate": 0.0,
      "collision_ci": [
        0.0,
        0.0
      ],
      "goal_reached_rate": 0.0,
      "mean_min_clearance": 1.4282737684249878,
      "median_min_clearance": 1.3192936182022095,
      "mean_final_goal_distance": 52.43093318939209,
      "mean_path_length": 60.190049152374264,
      "mean_control_effort": 469.1537384033203,
      "mean_planning_time_ms": 104.26013441523536
    },
    {
      "method": "guided_drifting",
      "gamma": null,
      "episodes": 25,
      "success_rate": 0.0,
      "success_ci": [
        0.0,
        0.0
      ],
      "collision_rate": 0.08,
      "collision_ci": [
        0.0,
        0.2
      ],
      "goal_reached_rate": 0.0,
      "mean_min_clearance": 0.8252993237972259,
      "median_min_clearance": 0.7467517852783203,
      "mean_final_goal_distance": 44.81042681694031,
      "mean_path_length": 53.01413084030151,
      "mean_control_effort": 447.8833184814453,
      "mean_planning_time_ms": 3.969536004588008
    }
  ],
  "paired_vs_mizuta": [
    {
      "method": "guided_safemppi",
      "gamma": 0.2,
      "success_ours_minus_mizuta": -0.19999999999999996,
      "mcnemar_ours_win": 0,
      "mcnemar_mizuta_win": 5,
      "mcnemar_p": 0.0625,
      "clearance_median_diff_ours_minus_mizuta": -0.11462414264678955,
      "wilcoxon_p": 0.017253450258757217
    },
    {
      "method": "cfm_proposal_mppi",
      "gamma": 0.2,
      "success_ours_minus_mizuta": -0.96,
      "mcnemar_ours_win": 0,
      "mcnemar_mizuta_win": 24,
      "mcnemar_p": 1.1920928955078125e-07,
      "clearance_median_diff_ours_minus_mizuta": 0.37939703464508057,
      "wilcoxon_p": 0.0041623806255435105
    },
    {
      "method": "guided_drifting",
      "gamma": null,
      "success_ours_minus_mizuta": -0.96,
      "mcnemar_ours_win": 0,
      "mcnemar_mizuta_win": 24,
      "mcnemar_p": 1.1920928955078125e-07,
      "clearance_median_diff_ours_minus_mizuta": -0.13092464208602905,
      "wilcoxon_p": 0.22085246989634635
    }
  ],
  "config": {
    "dataset": "ucy",
    "dynamics": "doubleintegrator",
    "pedestrian_source": "validation",
    "methods": [
      "mizuta_cfm_mppi",
      "guided_safemppi",
      "cfm_proposal_mppi",
      "guided_drifting"
    ],
    "gamma_grid": [
      0.2
    ],
    "num_episodes": 100,
    "episode_list": [
      150,
      151,
      152,
      153,
      154,
      155,
      156,
      157,
      158,
      159,
      160,
      161,
      162,
      163,
      164,
      165,
      166,
      167,
      168,
      169,
      170,
      171,
      172,
      173,
      174
    ],
    "steps": 80,
    "seed": 0,
    "device": "cuda",
    "safemppi_samples": 512,
    "safemppi_horizon": 30,
    "num_pedestrians": 20,
    "output": "overnight_run_2026-06-23/lp_h2",
    "safe_cfm_checkpoint": "output_dir/safe_cfm_ucy/checkpoint_best.pth",
    "drifting_checkpoint": "output_dir/drifting_ucy/checkpoint_best.pth",
    "guided_eta": 0.6,
    "guided_extra_margin": 0.25,
    "guided_activation_radius": null,
    "guided_progress_weight": 9.0,
    "guided_terminal_goal_weight": 200.0,
    "guided_running_goal_weight": 0.4,
    "guided_guidance_horizon": 10
  },
  "episodes": 25
}