{
  "S1-lr": {
    "winner": "lr0.0002_a0_b0.1_s0.9",
    "table": {
      "lr0.0002_a0_b0.1_s0.9": {
        "score": 0.40682019795701485,
        "val_mean": 0.62,
        "val_trend": 0.06666666666666654,
        "cov_cum": 0.1706349206349206,
        "cov_fin": 0.4177777777777777,
        "var_sig": 0.0002628604527561664,
        "val_last": 0.6533333333333333
      },
      "lr0.0001_a0_b0.1_s0.9": {
        "score": 0.38862490388127996,
        "val_mean": 0.5906666666666667,
        "val_trend": -0.02666666666666684,
        "cov_cum": 0.1402116402116402,
        "cov_fin": 0.3022222222222222,
        "var_sig": 0.0005443043177050895,
        "val_last": 0.6133333333333333
      },
      "lr1e-05_a0_b0.1_s0.9": {
        "score": 0.3851269841269841,
        "val_mean": 0.5599999999999999,
        "val_trend": 0.1133333333333334,
        "cov_cum": 0.06746031746031746,
        "cov_fin": 0.20444444444444446,
        "var_sig": 0.0010918777018173284,
        "val_last": 0.64
      }
    },
    "incumbent": {
      "lr": 0.0002,
      "alpha": 0.0,
      "beta": 0.1,
      "s": 0.9,
      "freeze": false,
      "margin": 0.0,
      "unc": "gp",
      "schedule": "online"
    }
  }
}