{
  "summary": [
    {
      "method": "mizuta_cfm_mppi",
      "gamma": null,
      "episodes": 25,
      "success_rate": 0.96,
      "success_ci": [
        0.88,
        1.0
      ],
      "collision_rate": 0.0,
      "collision_ci": [
        0.0,
        0.0
      ],
      "goal_reached_rate": 0.96,
      "mean_min_clearance": 1.1871119594573976,
      "median_min_clearance": 0.900942325592041,
      "mean_final_goal_distance": 0.0570954052079469,
      "mean_path_length": 10.38762990951538,
      "mean_control_effort": 189.4008868408203,
      "mean_planning_time_ms": 97.68155442783609
    },
    {
      "method": "guided_safemppi",
      "gamma": 0.2,
      "episodes": 25,
      "success_rate": 0.76,
      "success_ci": [
        0.6,
        0.92
      ],
      "collision_rate": 0.08,
      "collision_ci": [
        0.0,
        0.2
      ],
      "goal_reached_rate": 0.76,
      "mean_min_clearance": 0.7752619004249572,
      "median_min_clearance": 0.748112678527832,
      "mean_final_goal_distance": 0.6340942208468914,
      "mean_path_length": 9.46381284713745,
      "mean_control_effort": 129.52508972167968,
      "mean_planning_time_ms": 43.514032017905265
    },
    {
      "method": "cfm_proposal_mppi",
      "gamma": 0.2,
      "episodes": 25,
      "success_rate": 0.76,
      "success_ci": [
        0.6,
        0.92
      ],
      "collision_rate": 0.04,
      "collision_ci": [
        0.0,
        0.12
      ],
      "goal_reached_rate": 0.8,
      "mean_min_clearance": 0.8675413334369659,
      "median_min_clearance": 0.804163932800293,
      "mean_final_goal_distance": 0.672547754868865,
      "mean_path_length": 9.690728740692139,
      "mean_control_effort": 148.14679412841798,
      "mean_planning_time_ms": 110.87733014812694
    }
  ],
  "paired_vs_mizuta": [
    {
      "method": "guided_safemppi",
      "gamma": 0.2,
      "success_ours_minus_mizuta": -0.19999999999999996,
      "mcnemar_ours_win": 0,
      "mcnemar_mizuta_win": 5,
      "mcnemar_p": 0.0625,
      "clearance_median_diff_ours_minus_mizuta": -0.24632477760314941,
      "wilcoxon_p": 0.0018851854386615463
    },
    {
      "method": "cfm_proposal_mppi",
      "gamma": 0.2,
      "success_ours_minus_mizuta": -0.19999999999999996,
      "mcnemar_ours_win": 0,
      "mcnemar_mizuta_win": 5,
      "mcnemar_p": 0.0625,
      "clearance_median_diff_ours_minus_mizuta": -0.2921069860458374,
      "wilcoxon_p": 0.014888682178607286
    }
  ],
  "config": {
    "dataset": "ucy",
    "dynamics": "doubleintegrator",
    "pedestrian_source": "validation",
    "methods": [
      "mizuta_cfm_mppi",
      "guided_safemppi",
      "cfm_proposal_mppi"
    ],
    "gamma_grid": [
      0.2
    ],
    "num_episodes": 100,
    "episode_list": [
      150,
      151,
      152,
      153,
      154,
      155,
      156,
      157,
      158,
      159,
      160,
      161,
      162,
      163,
      164,
      165,
      166,
      167,
      168,
      169,
      170,
      171,
      172,
      173,
      174
    ],
    "steps": 80,
    "seed": 0,
    "device": "cuda",
    "safemppi_samples": 512,
    "safemppi_horizon": 30,
    "num_pedestrians": 20,
    "output": "overnight_run_2026-06-23/lp2_h2",
    "safe_cfm_checkpoint": "output_dir/safe_cfm_ucy/checkpoint_best.pth",
    "drifting_checkpoint": null,
    "guided_eta": 0.6,
    "guided_extra_margin": 0.25,
    "guided_activation_radius": null,
    "guided_progress_weight": 9.0,
    "guided_terminal_goal_weight": 200.0,
    "guided_running_goal_weight": 0.4,
    "guided_guidance_horizon": 10
  },
  "episodes": 25
}