{
  "args": {
    "episodes": [
      0,
      1,
      2
    ],
    "seed": 0,
    "dynamics": "doubleintegrator",
    "steps": 80,
    "planning_horizon": 80,
    "num_samples": 200,
    "num_pedestrians": 20,
    "safe_margin": 0.5,
    "plan_viz_steps": 18,
    "checkpoint": "output_dir/cfm_transformer/checkpoint.pth",
    "device": "cuda",
    "output": "results/benchmark_videos/kazuki_sfm_episodes_0_1_2.mp4",
    "gif_output": null,
    "summary": "results/benchmark_videos/kazuki_sfm_episodes_0_1_2_summary.json",
    "fps": 10,
    "frame_stride": 1,
    "dpi": 120,
    "cols": 3
  },
  "episodes": [
    {
      "episode": 0,
      "success": false,
      "collision": false,
      "min_clearance": 0.3388524651527405,
      "mean_clearance": 1.336438775062561,
      "final_goal_distance": 0.5518484711647034,
      "path_length": 10.259994506835938,
      "control_effort": 164.68829345703125,
      "planning_wall_time_mean": 0.16822755336761475,
      "planning_wall_time_p95": 0.2206270396709442,
      "planning_wall_time_ms": 168.22755336761475,
      "steps": 80,
      "num_pedestrians": 20
    },
    {
      "episode": 1,
      "success": true,
      "collision": false,
      "min_clearance": 0.17382335662841797,
      "mean_clearance": 1.6156595945358276,
      "final_goal_distance": 0.046408962458372116,
      "path_length": 9.594705581665039,
      "control_effort": 146.60020446777344,
      "planning_wall_time_mean": 0.15584412217140198,
      "planning_wall_time_p95": 0.2198975831270218,
      "planning_wall_time_ms": 155.84412217140198,
      "steps": 80,
      "num_pedestrians": 20
    },
    {
      "episode": 2,
      "success": true,
      "collision": false,
      "min_clearance": 0.34704500436782837,
      "mean_clearance": 1.8492857217788696,
      "final_goal_distance": 0.4896039068698883,
      "path_length": 18.111549377441406,
      "control_effort": 305.8495178222656,
      "planning_wall_time_mean": 0.14634764194488525,
      "planning_wall_time_p95": 0.21030493080615997,
      "planning_wall_time_ms": 146.34764194488525,
      "steps": 80,
      "num_pedestrians": 20
    }
  ]
}