method,gamma,success,collision,goal_reached,final_goal_distance,min_clearance,path_length,control_effort,planning_wall_time_mean,model_calls_per_step,nfe,backup_branch_count,backup_selected_count,checkpoint_path
mizuta_cfm_mppi,,True,False,True,0.024153372272849083,0.345819354057312,8.137250900268555,81.93585968017578,0.11655794763937592,7,7,0,0,output_dir/cfm_transformer/checkpoint.pth
mirror_mppi,0.2,False,True,False,5.547008991241455,-0.45244914293289185,2.6902084350585938,117.10289764404297,0.83197778230533,0,0,0,0,
mirror_mppi,0.8,False,True,False,2.3573594093322754,-0.3873656988143921,6.012974739074707,217.26754760742188,0.789752065076027,0,0,0,0,
