method,gamma,success,collision,goal_reached,final_goal_distance,min_clearance,path_length,control_effort,planning_wall_time_mean,model_calls_per_step,nfe,checkpoint_path
mizuta_cfm_mppi,,False,True,True,0.08604240417480469,-0.20509320497512817,8.074677467346191,127.68623352050781,0.13653038581833243,7,7,output_dir/cfm_transformer/checkpoint.pth
safemppi_gamma,0.1,False,True,False,3.020685911178589,-0.872636079788208,12.300128936767578,278.67498779296875,0.006723051331937313,0,0,
safemppi_gamma,0.5,False,True,False,2.872851610183716,-0.872636079788208,11.987936019897461,279.2577819824219,0.006729731324594468,0,0,
safemppi_gamma,1.0,False,True,False,0.8236854672431946,-0.8952791690826416,11.065067291259766,241.34982299804688,0.006759341608267277,0,0,
safe_cfm,0.1,False,True,False,5.729702472686768,-0.9492508172988892,5.377608776092529,85.99407958984375,0.026170633814763276,8,8,output_dir/safe_contextual_cfm/checkpoint_best.pth
safe_cfm,0.5,False,True,False,10.317450523376465,-0.9497156143188477,6.214040756225586,111.00401306152344,0.02292390208458528,8,8,output_dir/safe_contextual_cfm/checkpoint_best.pth
safe_cfm,1.0,False,True,False,7.467111110687256,-0.7238537669181824,6.076839447021484,100.96721649169922,0.02346522135194391,8,8,output_dir/safe_contextual_cfm/checkpoint_best.pth
