method,gamma,success,collision,goal_reached,final_goal_distance,min_clearance,path_length,control_effort,planning_wall_time_mean,model_calls_per_step,nfe,checkpoint_path
mizuta_cfm_mppi,,True,False,True,0.08604240417480469,0.2949067950248718,8.074677467346191,127.68623352050781,0.1590926996082999,7,7,output_dir/cfm_transformer/checkpoint.pth
safemppi_gamma,0.1,False,False,False,0.7211270332336426,0.015342175960540771,7.540895462036133,130.60720825195312,0.0468709904467687,0,0,
safemppi_gamma,0.5,False,False,False,0.6760356426239014,0.015342175960540771,7.571704864501953,127.327880859375,0.046340484637767076,0,0,
safemppi_gamma,1.0,False,False,False,0.7015253901481628,0.015342175960540771,7.544101715087891,126.87966918945312,0.04650933111552149,0,0,
safe_cfm,0.1,False,True,False,5.783353328704834,-0.4126144051551819,5.912117004394531,109.881103515625,0.03766869505634531,8,8,output_dir/safe_contextual_cfm/checkpoint_best.pth
safe_cfm,0.5,False,True,False,4.677910327911377,-0.37120282649993896,6.315555095672607,110.18095397949219,0.033204882324207576,8,8,output_dir/safe_contextual_cfm/checkpoint_best.pth
safe_cfm,1.0,False,True,False,7.433480739593506,-0.39773640036582947,6.004306793212891,108.28126525878906,0.03302716762991622,8,8,output_dir/safe_contextual_cfm/checkpoint_best.pth
