{
  "summary": [
    {
      "method": "mizuta_cfm_mppi",
      "gamma": null,
      "episodes": 25,
      "success_rate": 1.0,
      "success_ci": [
        1.0,
        1.0
      ],
      "collision_rate": 0.0,
      "collision_ci": [
        0.0,
        0.0
      ],
      "goal_reached_rate": 1.0,
      "mean_min_clearance": 1.1075328302383423,
      "median_min_clearance": 0.7338281869888306,
      "mean_final_goal_distance": 0.04109273996204138,
      "mean_path_length": 10.083538284301758,
      "mean_control_effort": 160.68383819580077,
      "mean_planning_time_ms": 94.98784059006721
    },
    {
      "method": "guided_safemppi",
      "gamma": 0.2,
      "episodes": 25,
      "success_rate": 0.84,
      "success_ci": [
        0.68,
        0.96
      ],
      "collision_rate": 0.04,
      "collision_ci": [
        0.0,
        0.12
      ],
      "goal_reached_rate": 0.84,
      "mean_min_clearance": 0.8028824877738953,
      "median_min_clearance": 0.6477383375167847,
      "mean_final_goal_distance": 0.36225514315068724,
      "mean_path_length": 9.731302604675292,
      "mean_control_effort": 128.74715881347657,
      "mean_planning_time_ms": 43.41291832458228
    },
    {
      "method": "cfm_proposal_mppi",
      "gamma": 0.2,
      "episodes": 25,
      "success_rate": 0.0,
      "success_ci": [
        0.0,
        0.0
      ],
      "collision_rate": 0.0,
      "collision_ci": [
        0.0,
        0.0
      ],
      "goal_reached_rate": 0.0,
      "mean_min_clearance": 1.114407892227173,
      "median_min_clearance": 0.821955680847168,
      "mean_final_goal_distance": 45.752887253761294,
      "mean_path_length": 53.632532348632814,
      "mean_control_effort": 421.2666134643555,
      "mean_planning_time_ms": 104.03680738992989
    },
    {
      "method": "guided_drifting",
      "gamma": null,
      "episodes": 25,
      "success_rate": 0.0,
      "success_ci": [
        0.0,
        0.0
      ],
      "collision_rate": 0.12,
      "collision_ci": [
        0.0,
        0.24
      ],
      "goal_reached_rate": 0.0,
      "mean_min_clearance": 0.7972333717346192,
      "median_min_clearance": 0.670552134513855,
      "mean_final_goal_distance": 41.47055468559265,
      "mean_path_length": 49.662449493408204,
      "mean_control_effort": 425.68037109375,
      "mean_planning_time_ms": 3.9588332674466074
    }
  ],
  "paired_vs_mizuta": [
    {
      "method": "guided_safemppi",
      "gamma": 0.2,
      "success_ours_minus_mizuta": -0.16000000000000003,
      "mcnemar_ours_win": 0,
      "mcnemar_mizuta_win": 4,
      "mcnemar_p": 0.125,
      "clearance_median_diff_ours_minus_mizuta": -0.15381169319152832,
      "wilcoxon_p": 0.02831362568242773
    },
    {
      "method": "cfm_proposal_mppi",
      "gamma": 0.2,
      "success_ours_minus_mizuta": -1.0,
      "mcnemar_ours_win": 0,
      "mcnemar_mizuta_win": 25,
      "mcnemar_p": 5.960464477539063e-08,
      "clearance_median_diff_ours_minus_mizuta": -0.016513705253601074,
      "wilcoxon_p": 0.9892660190652709
    },
    {
      "method": "guided_drifting",
      "gamma": null,
      "success_ours_minus_mizuta": -1.0,
      "mcnemar_ours_win": 0,
      "mcnemar_mizuta_win": 25,
      "mcnemar_p": 5.960464477539063e-08,
      "clearance_median_diff_ours_minus_mizuta": -0.0017868280410766602,
      "wilcoxon_p": 0.264149634063862
    }
  ],
  "config": {
    "dataset": "ucy",
    "dynamics": "doubleintegrator",
    "pedestrian_source": "validation",
    "methods": [
      "mizuta_cfm_mppi",
      "guided_safemppi",
      "cfm_proposal_mppi",
      "guided_drifting"
    ],
    "gamma_grid": [
      0.2
    ],
    "num_episodes": 100,
    "episode_list": [
      125,
      126,
      127,
      128,
      129,
      130,
      131,
      132,
      133,
      134,
      135,
      136,
      137,
      138,
      139,
      140,
      141,
      142,
      143,
      144,
      145,
      146,
      147,
      148,
      149
    ],
    "steps": 80,
    "seed": 0,
    "device": "cuda",
    "safemppi_samples": 512,
    "safemppi_horizon": 30,
    "num_pedestrians": 20,
    "output": "overnight_run_2026-06-23/lp_h1",
    "safe_cfm_checkpoint": "output_dir/safe_cfm_ucy/checkpoint_best.pth",
    "drifting_checkpoint": "output_dir/drifting_ucy/checkpoint_best.pth",
    "guided_eta": 0.6,
    "guided_extra_margin": 0.25,
    "guided_activation_radius": null,
    "guided_progress_weight": 9.0,
    "guided_terminal_goal_weight": 200.0,
    "guided_running_goal_weight": 0.4,
    "guided_guidance_horizon": 10
  },
  "episodes": 25
}