{
  "summary": [
    {
      "method": "mizuta_cfm_mppi",
      "gamma": null,
      "episodes": 100,
      "success_rate": 0.98,
      "success_ci": [
        0.95,
        1.0
      ],
      "collision_rate": 0.01,
      "collision_ci": [
        0.0,
        0.03
      ],
      "goal_reached_rate": 0.99,
      "mean_min_clearance": 0.9978583690524101,
      "median_min_clearance": 0.8175191879272461,
      "mean_final_goal_distance": 0.05798987704329193,
      "mean_path_length": 10.033575978279114,
      "mean_control_effort": 172.88115020751954,
      "mean_planning_time_ms": 103.77159497130198
    },
    {
      "method": "safemppi_gamma",
      "gamma": 0.2,
      "episodes": 100,
      "success_rate": 0.5,
      "success_ci": [
        0.4,
        0.6
      ],
      "collision_rate": 0.5,
      "collision_ci": [
        0.4,
        0.6
      ],
      "goal_reached_rate": 1.0,
      "mean_min_clearance": 0.28294158667325975,
      "median_min_clearance": 0.009357571601867676,
      "mean_final_goal_distance": 0.04875443772878498,
      "mean_path_length": 9.486199612617492,
      "mean_control_effort": 110.97070503234863,
      "mean_planning_time_ms": 29.104338103556074
    },
    {
      "method": "guided_safemppi",
      "gamma": 0.2,
      "episodes": 100,
      "success_rate": 0.75,
      "success_ci": [
        0.66,
        0.83
      ],
      "collision_rate": 0.07,
      "collision_ci": [
        0.029750000000000013,
        0.12
      ],
      "goal_reached_rate": 0.75,
      "mean_min_clearance": 0.7521153956651687,
      "median_min_clearance": 0.6459831595420837,
      "mean_final_goal_distance": 0.7554874685918912,
      "mean_path_length": 9.227176492214204,
      "mean_control_effort": 125.50190837860107,
      "mean_planning_time_ms": 46.5405114085879
    }
  ],
  "paired_vs_mizuta": [
    {
      "method": "safemppi_gamma",
      "gamma": 0.2,
      "success_ours_minus_mizuta": -0.48,
      "mcnemar_ours_win": 1,
      "mcnemar_mizuta_win": 49,
      "mcnemar_p": 9.059419880941277e-14,
      "clearance_median_diff_ours_minus_mizuta": -0.6969975680112839,
      "wilcoxon_p": 2.1710038856565474e-16
    },
    {
      "method": "guided_safemppi",
      "gamma": 0.2,
      "success_ours_minus_mizuta": -0.22999999999999998,
      "mcnemar_ours_win": 1,
      "mcnemar_mizuta_win": 24,
      "mcnemar_p": 1.5497207641601562e-06,
      "clearance_median_diff_ours_minus_mizuta": -0.1929578185081482,
      "wilcoxon_p": 8.177494372764481e-08
    }
  ],
  "config": {
    "dataset": "ucy",
    "dynamics": "doubleintegrator",
    "pedestrian_source": "validation",
    "methods": [
      "mizuta_cfm_mppi",
      "safemppi_gamma",
      "guided_safemppi"
    ],
    "gamma_grid": [
      0.2
    ],
    "num_episodes": 100,
    "episode_list": [
      100,
      101,
      102,
      103,
      104,
      105,
      106,
      107,
      108,
      109,
      110,
      111,
      112,
      113,
      114,
      115,
      116,
      117,
      118,
      119,
      120,
      121,
      122,
      123,
      124,
      125,
      126,
      127,
      128,
      129,
      130,
      131,
      132,
      133,
      134,
      135,
      136,
      137,
      138,
      139,
      140,
      141,
      142,
      143,
      144,
      145,
      146,
      147,
      148,
      149,
      150,
      151,
      152,
      153,
      154,
      155,
      156,
      157,
      158,
      159,
      160,
      161,
      162,
      163,
      164,
      165,
      166,
      167,
      168,
      169,
      170,
      171,
      172,
      173,
      174,
      175,
      176,
      177,
      178,
      179,
      180,
      181,
      182,
      183,
      184,
      185,
      186,
      187,
      188,
      189,
      190,
      191,
      192,
      193,
      194,
      195,
      196,
      197,
      198,
      199
    ],
    "steps": 80,
    "seed": 0,
    "device": "cuda",
    "safemppi_samples": 512,
    "safemppi_horizon": 30,
    "num_pedestrians": 20,
    "output": "overnight_run_2026-06-23/headline_ucy_tuned",
    "safe_cfm_checkpoint": null,
    "drifting_checkpoint": null,
    "guided_eta": 0.6,
    "guided_extra_margin": 0.25,
    "guided_activation_radius": null,
    "guided_progress_weight": 9.0,
    "guided_terminal_goal_weight": 200.0,
    "guided_running_goal_weight": 0.4,
    "guided_guidance_horizon": 10
  },
  "episodes": 100
}