{
  "summary": [
    {
      "method": "mizuta_cfm_mppi",
      "gamma": null,
      "episodes": 30,
      "success_rate": 0.9666666666666667,
      "success_ci": [
        0.9,
        1.0
      ],
      "collision_rate": 0.0,
      "collision_ci": [
        0.0,
        0.0
      ],
      "goal_reached_rate": 0.9666666666666667,
      "mean_min_clearance": 0.887816067536672,
      "median_min_clearance": 0.698879063129425,
      "mean_final_goal_distance": 0.08845410594561448,
      "mean_path_length": 9.388648668924967,
      "mean_control_effort": 154.65536632537842,
      "mean_planning_time_ms": 97.52818868223892
    },
    {
      "method": "guided_safemppi",
      "gamma": 0.2,
      "episodes": 30,
      "success_rate": 0.6333333333333333,
      "success_ci": [
        0.4666666666666667,
        0.8
      ],
      "collision_rate": 0.1,
      "collision_ci": [
        0.0,
        0.23333333333333334
      ],
      "goal_reached_rate": 0.6333333333333333,
      "mean_min_clearance": 0.5787066787481308,
      "median_min_clearance": 0.46793729066848755,
      "mean_final_goal_distance": 0.8970976570465913,
      "mean_path_length": 8.755721100171407,
      "mean_control_effort": 121.91316083272298,
      "mean_planning_time_ms": 42.56117580962989
    },
    {
      "method": "cfm_proposal_mppi",
      "gamma": 0.2,
      "episodes": 30,
      "success_rate": 0.0,
      "success_ci": [
        0.0,
        0.0
      ],
      "collision_rate": 0.06666666666666667,
      "collision_ci": [
        0.0,
        0.16666666666666666
      ],
      "goal_reached_rate": 0.0,
      "mean_min_clearance": 1.2187610208988189,
      "median_min_clearance": 0.758976936340332,
      "mean_final_goal_distance": 59.98371442159017,
      "mean_path_length": 64.64672323862712,
      "mean_control_effort": 543.3056157430013,
      "mean_planning_time_ms": 102.84002681495622
    },
    {
      "method": "guided_drifting",
      "gamma": null,
      "episodes": 30,
      "success_rate": 0.0,
      "success_ci": [
        0.0,
        0.0
      ],
      "collision_rate": 0.13333333333333333,
      "collision_ci": [
        0.03333333333333333,
        0.26666666666666666
      ],
      "goal_reached_rate": 0.0,
      "mean_min_clearance": 1.0953738788763683,
      "median_min_clearance": 0.663841962814331,
      "mean_final_goal_distance": 62.91649341583252,
      "mean_path_length": 67.71580492655436,
      "mean_control_effort": 581.3670084635417,
      "mean_planning_time_ms": 3.2089784741401677
    },
    {
      "method": "safe_cfm",
      "gamma": 0.2,
      "episodes": 30,
      "success_rate": 0.0,
      "success_ci": [
        0.0,
        0.0
      ],
      "collision_rate": 0.4666666666666667,
      "collision_ci": [
        0.3,
        0.6333333333333333
      ],
      "goal_reached_rate": 0.0,
      "mean_min_clearance": 0.8544854511817296,
      "median_min_clearance": 0.37561851739883423,
      "mean_final_goal_distance": 85.61112747192382,
      "mean_path_length": 90.43938980102538,
      "mean_control_effort": 639.4665649414062,
      "mean_planning_time_ms": 18.958278208738193
    }
  ],
  "paired_vs_mizuta": [
    {
      "method": "guided_safemppi",
      "gamma": 0.2,
      "success_ours_minus_mizuta": -0.33333333333333337,
      "mcnemar_ours_win": 1,
      "mcnemar_mizuta_win": 11,
      "mcnemar_p": 0.00634765625,
      "clearance_median_diff_ours_minus_mizuta": -0.19576478004455566,
      "wilcoxon_p": 0.00041955098606127883
    },
    {
      "method": "cfm_proposal_mppi",
      "gamma": 0.2,
      "success_ours_minus_mizuta": -0.9666666666666667,
      "mcnemar_ours_win": 0,
      "mcnemar_mizuta_win": 29,
      "mcnemar_p": 3.725290298461914e-09,
      "clearance_median_diff_ours_minus_mizuta": 0.12709078192710876,
      "wilcoxon_p": 0.1908042374015058
    },
    {
      "method": "guided_drifting",
      "gamma": null,
      "success_ours_minus_mizuta": -0.9666666666666667,
      "mcnemar_ours_win": 0,
      "mcnemar_mizuta_win": 29,
      "mcnemar_p": 3.725290298461914e-09,
      "clearance_median_diff_ours_minus_mizuta": 0.04369986057281494,
      "wilcoxon_p": 0.7212543991592764
    },
    {
      "method": "safe_cfm",
      "gamma": 0.2,
      "success_ours_minus_mizuta": -0.9666666666666667,
      "mcnemar_ours_win": 0,
      "mcnemar_mizuta_win": 29,
      "mcnemar_p": 3.725290298461914e-09,
      "clearance_median_diff_ours_minus_mizuta": -0.5537724643945694,
      "wilcoxon_p": 0.34690513947784035
    }
  ],
  "config": {
    "dataset": "ucy",
    "dynamics": "doubleintegrator",
    "pedestrian_source": "validation",
    "methods": [
      "mizuta_cfm_mppi",
      "guided_safemppi",
      "cfm_proposal_mppi",
      "guided_drifting",
      "safe_cfm"
    ],
    "gamma_grid": [
      0.2
    ],
    "num_episodes": 100,
    "episode_list": [
      100,
      101,
      102,
      103,
      104,
      105,
      106,
      107,
      108,
      109,
      110,
      111,
      112,
      113,
      114,
      115,
      116,
      117,
      118,
      119,
      120,
      121,
      122,
      123,
      124,
      125,
      126,
      127,
      128,
      129
    ],
    "steps": 80,
    "seed": 0,
    "device": "cuda",
    "safemppi_samples": 512,
    "safemppi_horizon": 30,
    "num_pedestrians": 20,
    "output": "overnight_run_2026-06-23/learned_proposal_ucy30",
    "safe_cfm_checkpoint": "output_dir/safe_cfm_guided_big/checkpoint_best.pth",
    "drifting_checkpoint": "output_dir/drifting_guided_big/checkpoint_best.pth",
    "guided_eta": 0.6,
    "guided_extra_margin": 0.25,
    "guided_activation_radius": null,
    "guided_progress_weight": 9.0,
    "guided_terminal_goal_weight": 200.0,
    "guided_running_goal_weight": 0.4,
    "guided_guidance_horizon": 10
  },
  "episodes": 30
}