{
  "summary": [
    {
      "method": "mizuta_cfm_mppi",
      "gamma": null,
      "episodes": 20,
      "success_rate": 0.65,
      "success_ci": [
        0.45,
        0.85
      ],
      "collision_rate": 0.0,
      "collision_ci": [
        0.0,
        0.0
      ],
      "goal_reached_rate": 0.65,
      "mean_min_clearance": 0.27320959568023684,
      "median_min_clearance": 0.24576467275619507,
      "mean_final_goal_distance": 0.8396392783150077,
      "mean_path_length": 12.104171419143677,
      "mean_control_effort": 241.36037368774413,
      "mean_planning_time_ms": 98.26310044038108
    },
    {
      "method": "guided_safemppi",
      "gamma": 0.2,
      "episodes": 20,
      "success_rate": 0.0,
      "success_ci": [
        0.0,
        0.0
      ],
      "collision_rate": 0.75,
      "collision_ci": [
        0.55,
        0.9
      ],
      "goal_reached_rate": 0.0,
      "mean_min_clearance": -0.11970703601837158,
      "median_min_clearance": -0.2242433875799179,
      "mean_final_goal_distance": 4.357673412561416,
      "mean_path_length": 6.126464557647705,
      "mean_control_effort": 180.82197189331055,
      "mean_planning_time_ms": 43.3581191446865
    },
    {
      "method": "cfm_proposal_mppi",
      "gamma": 0.2,
      "episodes": 20,
      "success_rate": 0.0,
      "success_ci": [
        0.0,
        0.0
      ],
      "collision_rate": 0.55,
      "collision_ci": [
        0.35,
        0.75
      ],
      "goal_reached_rate": 0.0,
      "mean_min_clearance": -0.06332370042800903,
      "median_min_clearance": -0.03471866250038147,
      "mean_final_goal_distance": 6.367984580993652,
      "mean_path_length": 8.192958498001099,
      "mean_control_effort": 203.38178977966308,
      "mean_planning_time_ms": 103.72357119049411
    },
    {
      "method": "guided_drifting",
      "gamma": null,
      "episodes": 20,
      "success_rate": 0.0,
      "success_ci": [
        0.0,
        0.0
      ],
      "collision_rate": 0.6,
      "collision_ci": [
        0.35,
        0.8
      ],
      "goal_reached_rate": 0.0,
      "mean_min_clearance": -0.021963834762573242,
      "median_min_clearance": -0.08716902136802673,
      "mean_final_goal_distance": 7.171008098125458,
      "mean_path_length": 11.510644340515137,
      "mean_control_effort": 322.7791465759277,
      "mean_planning_time_ms": 4.527959644910879
    }
  ],
  "paired_vs_mizuta": [
    {
      "method": "guided_safemppi",
      "gamma": 0.2,
      "success_ours_minus_mizuta": -0.65,
      "mcnemar_ours_win": 0,
      "mcnemar_mizuta_win": 13,
      "mcnemar_p": 0.000244140625,
      "clearance_median_diff_ours_minus_mizuta": -0.4362424314022064,
      "wilcoxon_p": 0.00039023125084089466
    },
    {
      "method": "cfm_proposal_mppi",
      "gamma": 0.2,
      "success_ours_minus_mizuta": -0.65,
      "mcnemar_ours_win": 0,
      "mcnemar_mizuta_win": 13,
      "mcnemar_p": 0.000244140625,
      "clearance_median_diff_ours_minus_mizuta": -0.3448752164840698,
      "wilcoxon_p": 0.00039023125084089466
    },
    {
      "method": "guided_drifting",
      "gamma": null,
      "success_ours_minus_mizuta": -0.65,
      "mcnemar_ours_win": 0,
      "mcnemar_mizuta_win": 13,
      "mcnemar_p": 0.000244140625,
      "clearance_median_diff_ours_minus_mizuta": -0.29692721366882324,
      "wilcoxon_p": 0.00039023125084089466
    }
  ],
  "config": {
    "dataset": "sfm",
    "dynamics": "doubleintegrator",
    "pedestrian_source": "sfm-social-force",
    "methods": [
      "mizuta_cfm_mppi",
      "guided_safemppi",
      "cfm_proposal_mppi",
      "guided_drifting"
    ],
    "gamma_grid": [
      0.2
    ],
    "num_episodes": 20,
    "episode_list": null,
    "steps": 80,
    "seed": 0,
    "device": "cuda",
    "safemppi_samples": 512,
    "safemppi_horizon": 30,
    "num_pedestrians": 20,
    "output": "overnight_run_2026-06-23/proposal_indist_sfm",
    "safe_cfm_checkpoint": "output_dir/safe_cfm_guided_big/checkpoint_best.pth",
    "drifting_checkpoint": "output_dir/drifting_guided_big/checkpoint_best.pth",
    "guided_eta": 0.6,
    "guided_extra_margin": 0.25,
    "guided_activation_radius": null,
    "guided_progress_weight": 9.0,
    "guided_terminal_goal_weight": 200.0,
    "guided_running_goal_weight": 0.4,
    "guided_guidance_horizon": 10
  },
  "episodes": 20
}